,only food,only service,both,neither
f1,0.8493150684931509,0.0,0.8559322033898303,0.0
precision,0.9393939393939394,0.0,0.753731343283582,0.0
recall,0.775,0.0,0.9901960784313726,0.0
