,only food,only service,both,neither
f1,0.8930817610062892,0.0,0.8878923766816144,0.0
precision,0.8987341772151899,0.0,0.8181818181818182,0.0
recall,0.8875,0.0,0.9705882352941176,0.0
